Algorithm,Size,Type,Distribution,AverageTime,MinTime,MaxTime,Comparisons,Movements,Sorted
Bubble Sort,1000,INT,Sorted,0.000011920,0.000008200,0.000015000,999,0,1
Selection Sort,1000,INT,Sorted,0.004615620,0.003298300,0.007708300,499500,0,1
Insertion Sort,1000,INT,Sorted,0.000014900,0.000013800,0.000016300,999,0,1
Merge Sort,1000,INT,Sorted,0.000213060,0.000203400,0.000238700,5044,19952,1
Quick Sort,1000,INT,Sorted,0.000101380,0.000098000,0.000105200,10975,0,1
Heap Sort,1000,INT,Sorted,0.000453240,0.000405400,0.000503000,17583,9708,1
Bubble Sort,10000,INT,Sorted,0.000073980,0.000066100,0.000091300,9999,0,1
Selection Sort,10000,INT,Sorted,0.321552340,0.314965800,0.341986800,49995000,0,1
Insertion Sort,10000,INT,Sorted,0.000154620,0.000151600,0.000162500,9999,0,1
Merge Sort,10000,INT,Sorted,0.003346580,0.002705200,0.003905700,69008,267232,1
Quick Sort,10000,INT,Sorted,0.001186080,0.001092600,0.001306800,143615,0,1
Heap Sort,10000,INT,Sorted,0.006876840,0.005087700,0.010137500,244460,131956,1
Bubble Sort,50000,INT,Sorted,0.000333440,0.000328500,0.000339800,49999,0,1
Selection Sort,50000,INT,Sorted,7.910204480,7.888160200,7.948250700,1249975000,0,1
Insertion Sort,50000,INT,Sorted,0.000760780,0.000760400,0.000761100,49999,0,1
Merge Sort,50000,INT,Sorted,0.015039460,0.014548700,0.015685200,401952,1568928,1
Quick Sort,50000,INT,Sorted,0.006208560,0.005967900,0.006572700,834463,0,1
Heap Sort,50000,INT,Sorted,0.030745560,0.029637800,0.034036900,1455438,773304,1
Bubble Sort,100000,INT,Sorted,0.000727080,0.000658100,0.000853200,99999,0,1
Selection Sort,100000,INT,Sorted,31.700448000,31.641561100,31.886708400,4999950000,0,1
Insertion Sort,100000,INT,Sorted,0.001522120,0.001521200,0.001523800,99999,0,1
Merge Sort,100000,INT,Sorted,0.031497800,0.030803200,0.033747700,853904,3337856,1
Quick Sort,100000,INT,Sorted,0.012670900,0.012554000,0.012946900,1768927,0,1
Heap Sort,100000,INT,Sorted,0.063268800,0.062080300,0.065102100,3112517,1650854,1
Merge Sort,250000,INT,Sorted,0.083403460,0.082656100,0.084439800,2266608,8975712,1
Quick Sort,250000,INT,Sorted,0.035836620,0.034483800,0.037565600,4737855,0,1
Heap Sort,250000,INT,Sorted,0.166624940,0.165390100,0.170668500,8414898,4436832,1
Merge Sort,500000,INT,Sorted,0.177877160,0.174508700,0.180961100,4783216,18951424,1
Quick Sort,500000,INT,Sorted,0.071030060,0.070543100,0.072457800,9975711,0,1
Heap Sort,500000,INT,Sorted,0.371396120,0.347145000,0.405872500,17837785,9355700,1
Bubble Sort,1000,INT,Random,0.006713780,0.006446000,0.007359900,499065,254396,1
Selection Sort,1000,INT,Random,0.003369740,0.003352400,0.003385800,499500,995,1
Insertion Sort,1000,INT,Random,0.002292320,0.002238800,0.002358600,251918,250925,1
Merge Sort,1000,INT,Random,0.000310780,0.000293000,0.000350600,8734,19952,1
Quick Sort,1000,INT,Random,0.000256140,0.000231300,0.000298200,13150,2569,1
Heap Sort,1000,INT,Random,0.000439440,0.000415700,0.000482500,16846,9057,1
Bubble Sort,10000,INT,Random,0.723140600,0.699982400,0.795295200,49992372,24923667,1
Selection Sort,10000,INT,Random,0.320503880,0.319316600,0.322456600,49995000,9981,1
Insertion Sort,10000,INT,Random,0.223116760,0.221973900,0.224616900,24856361,24846370,1
Merge Sort,10000,INT,Random,0.004141420,0.003996300,0.004521800,120528,267232,1
Quick Sort,10000,INT,Random,0.003196100,0.003060000,0.003345600,166587,39326,1
Heap Sort,10000,INT,Random,0.006007480,0.005844200,0.006138200,235404,124177,1
Bubble Sort,50000,INT,Random,20.652578740,20.451322300,20.925242500,1249920054,624829378,1
Selection Sort,50000,INT,Random,8.202765860,7.942003600,8.527480100,1249975000,49943,1
Insertion Sort,50000,INT,Random,5.600078280,5.543893700,5.675332800,619310801,619260808,1
Merge Sort,50000,INT,Random,0.022993360,0.022518500,0.023403600,718061,1568928,1
Quick Sort,50000,INT,Random,0.016692400,0.016346200,0.016834000,949024,252949,1
Heap Sort,50000,INT,Random,0.034897460,0.034299000,0.036348000,1409025,736767,1
Bubble Sort,100000,INT,Random,85.654715280,84.622896900,86.403896300,4999754375,2501057806,1
Selection Sort,100000,INT,Random,32.037742780,31.853253500,32.334846400,4999950000,99900,1
Insertion Sort,100000,INT,Random,22.591898920,22.420503800,22.977277200,2504797242,2504697247,1
Merge Sort,100000,INT,Random,0.047499180,0.047001500,0.049116100,1536188,3337856,1
Quick Sort,100000,INT,Random,0.033668140,0.033009200,0.034723700,2141137,548058,1
Heap Sort,100000,INT,Random,0.073615800,0.072689000,0.075696000,3018467,1573870,1
Merge Sort,250000,INT,Random,0.125524100,0.123566300,0.129999500,4167894,8975712,1
Quick Sort,250000,INT,Random,0.086992760,0.085582900,0.090122600,5415149,1545857,1
Heap Sort,250000,INT,Random,0.197889100,0.196153400,0.200391500,8194923,4259031,1
Merge Sort,500000,INT,Random,0.261781600,0.259958600,0.265267100,8835324,18951424,1
Quick Sort,500000,INT,Random,0.180038460,0.175991400,0.188768100,11515496,3332203,1
Heap Sort,500000,INT,Random,0.415762680,0.410165400,0.422966500,17389665,9018681,1
Bubble Sort,1000,INT,Reverse Sorted,0.007826640,0.007501300,0.008743400,499500,499500,1
Selection Sort,1000,INT,Reverse Sorted,0.003415400,0.003329700,0.003546000,499500,500,1
Insertion Sort,1000,INT,Reverse Sorted,0.004537880,0.004435100,0.004666000,499500,499500,1
Merge Sort,1000,INT,Reverse Sorted,0.000205680,0.000196100,0.000242000,4932,19952,1
Quick Sort,1000,INT,Reverse Sorted,0.000132360,0.000093800,0.000276500,10976,500,1
Heap Sort,1000,INT,Reverse Sorted,0.000359200,0.000350100,0.000374400,15965,8316,1
Bubble Sort,10000,INT,Reverse Sorted,0.757190540,0.752921700,0.762559000,49995000,49995000,1
Selection Sort,10000,INT,Reverse Sorted,0.335721860,0.333118500,0.340374600,49995000,5000,1
Insertion Sort,10000,INT,Reverse Sorted,0.447690720,0.446024300,0.450791200,49995000,49995000,1
Merge Sort,10000,INT,Reverse Sorted,0.002606360,0.002498600,0.002900900,64608,267232,1
Quick Sort,10000,INT,Reverse Sorted,0.001129120,0.001125500,0.001132700,143616,5000,1
Heap Sort,10000,INT,Reverse Sorted,0.005164860,0.004852900,0.005699500,226682,116696,1
Bubble Sort,50000,INT,Reverse Sorted,19.027943660,18.858074500,19.239095300,1249975000,1249975000,1
Selection Sort,50000,INT,Reverse Sorted,8.394234140,8.348750700,8.431529400,1249975000,25000,1
Insertion Sort,50000,INT,Reverse Sorted,11.228490460,11.189875100,11.307349600,1249975000,1249975000,1
Merge Sort,50000,INT,Reverse Sorted,0.014889680,0.014596700,0.015493300,382512,1568928,1
Quick Sort,50000,INT,Reverse Sorted,0.006353980,0.006233800,0.006481700,834464,25000,1
Heap Sort,50000,INT,Reverse Sorted,0.028559400,0.028161800,0.029409300,1366047,698892,1
Bubble Sort,100000,INT,Reverse Sorted,76.042074420,75.400759000,78.227775200,4999950000,4999950000,1
Selection Sort,100000,INT,Reverse Sorted,33.582824720,33.455113200,33.767039500,4999950000,50000,1
Insertion Sort,100000,INT,Reverse Sorted,44.859472240,44.723751400,45.017428300,4999950000,4999950000,1
Merge Sort,100000,INT,Reverse Sorted,0.032421660,0.031736400,0.034018800,815024,3337856,1
Quick Sort,100000,INT,Reverse Sorted,0.013267440,0.013047400,0.013484400,1768928,50000,1
Heap Sort,100000,INT,Reverse Sorted,0.061424180,0.059766800,0.067678500,2926640,1497434,1
Merge Sort,250000,INT,Reverse Sorted,0.083792100,0.082898900,0.085393100,2221248,8975712,1
Quick Sort,250000,INT,Reverse Sorted,0.035524180,0.035341500,0.035741100,4737856,125000,1
Heap Sort,250000,INT,Reverse Sorted,0.166322620,0.161468800,0.173006800,7982078,4072886,1
Merge Sort,500000,INT,Reverse Sorted,0.176725240,0.176571900,0.176864200,4692496,18951424,1
Quick Sort,500000,INT,Reverse Sorted,0.074643420,0.073551700,0.076276700,9975712,250000,1
Heap Sort,500000,INT,Reverse Sorted,0.377667320,0.341692100,0.419028800,16977997,8668450,1
Bubble Sort,1000,INT,Nearly Sorted,0.003480920,0.003433600,0.003597300,482295,8710,1
Selection Sort,1000,INT,Nearly Sorted,0.003451980,0.003145100,0.004260300,499500,10,1
Insertion Sort,1000,INT,Nearly Sorted,0.000064960,0.000064600,0.000065800,6777,5778,1
Merge Sort,1000,INT,Nearly Sorted,0.000224220,0.000208300,0.000271500,6391,19952,1
Quick Sort,1000,INT,Nearly Sorted,0.000121020,0.000089600,0.000186900,10975,20,1
Heap Sort,1000,INT,Nearly Sorted,0.000397720,0.000387400,0.000413700,17567,9694,1
Bubble Sort,10000,INT,Nearly Sorted,0.355852040,0.352283000,0.358269200,49806809,665108,1
Selection Sort,10000,INT,Nearly Sorted,0.317529540,0.314721300,0.321036400,49995000,100,1
Insertion Sort,10000,INT,Nearly Sorted,0.005817780,0.005695800,0.006024900,621303,611304,1
Merge Sort,10000,INT,Nearly Sorted,0.002747240,0.002721400,0.002773200,101701,267232,1
Quick Sort,10000,INT,Nearly Sorted,0.001966840,0.001805000,0.002373000,144284,366,1
Heap Sort,10000,INT,Nearly Sorted,0.008777480,0.005480300,0.013594800,244303,131486,1
Bubble Sort,50000,INT,Nearly Sorted,7.653715620,7.645976300,7.671130900,1086938347,10408876,1
Selection Sort,50000,INT,Nearly Sorted,7.946022720,7.919491300,7.992930100,1249975000,500,1
Insertion Sort,50000,INT,Nearly Sorted,0.101617280,0.101382800,0.101758700,11269707,11219708,1
Merge Sort,50000,INT,Nearly Sorted,0.015549560,0.015482300,0.015650000,537819,1568928,1
Quick Sort,50000,INT,Nearly Sorted,0.006419040,0.006260100,0.006569500,839546,2410,1
Heap Sort,50000,INT,Nearly Sorted,0.030783280,0.029789100,0.031379800,1455230,773886,1
Bubble Sort,100000,INT,Nearly Sorted,18.989899340,18.808816800,19.543497100,2675932424,20882926,1
Selection Sort,100000,INT,Nearly Sorted,31.775860260,31.719233500,31.846158200,4999950000,1000,1
Insertion Sort,100000,INT,Nearly Sorted,0.190087960,0.187701100,0.195866500,20914721,20814722,1
Merge Sort,100000,INT,Nearly Sorted,0.033322940,0.032004000,0.036817000,1006296,3337856,1
Quick Sort,100000,INT,Nearly Sorted,0.013892400,0.013157200,0.014962000,1773765,5250,1
Heap Sort,100000,INT,Nearly Sorted,0.063124920,0.062661200,0.064297400,3111741,1650094,1
Merge Sort,250000,INT,Nearly Sorted,0.085059880,0.084334300,0.085879700,2440999,8975712,1
Quick Sort,250000,INT,Nearly Sorted,0.036588640,0.036070000,0.038221400,4765849,13712,1
Heap Sort,250000,INT,Nearly Sorted,0.167181500,0.166611500,0.168420400,8411981,4434232,1
Merge Sort,500000,INT,Nearly Sorted,0.179754800,0.177700200,0.184900600,4968814,18951424,1
Quick Sort,500000,INT,Nearly Sorted,0.074796340,0.074429900,0.075510000,10016368,27322,1
Heap Sort,500000,INT,Nearly Sorted,0.364578640,0.349672600,0.396839100,17829747,9350612,1
Bubble Sort,1000,INT,Duplicates,0.006202380,0.006013500,0.006632100,494450,223920,1
Selection Sort,1000,INT,Duplicates,0.003277220,0.003199000,0.003518300,499500,902,1
Insertion Sort,1000,INT,Duplicates,0.002053760,0.002006800,0.002099700,222578,221583,1
Merge Sort,1000,INT,Duplicates,0.000284720,0.000265600,0.000312900,8472,19952,1
Quick Sort,1000,INT,Duplicates,0.000344680,0.000285100,0.000532400,11970,3975,1
Heap Sort,1000,INT,Duplicates,0.000625840,0.000610700,0.000652200,15616,8160,1
Bubble Sort,10000,INT,Duplicates,0.688397720,0.672136900,0.702667300,49510380,22301611,1
Selection Sort,10000,INT,Duplicates,0.320745160,0.316362000,0.329740000,49995000,9048,1
Insertion Sort,10000,INT,Duplicates,0.202243680,0.199768600,0.206284600,22425988,22415992,1
Merge Sort,10000,INT,Duplicates,0.003437760,0.003356200,0.003555100,116877,267232,1
Quick Sort,10000,INT,Duplicates,0.002317700,0.002212400,0.002556400,159964,55668,1
Heap Sort,10000,INT,Duplicates,0.004858100,0.004777200,0.004955300,217924,112706,1
Bubble Sort,50000,INT,Duplicates,19.426932120,19.376498500,19.472110600,1238128722,562291041,1
Selection Sort,50000,INT,Duplicates,7.985349800,7.945761500,8.029844100,1249975000,45024,1
Insertion Sort,50000,INT,Duplicates,5.070209660,5.036271500,5.159923800,560777803,560727807,1
Merge Sort,50000,INT,Duplicates,0.019375400,0.019031100,0.019768300,695136,1568928,1
Quick Sort,50000,INT,Duplicates,0.012682740,0.012457000,0.012860400,885425,339078,1
Heap Sort,50000,INT,Duplicates,0.027648940,0.027444000,0.027972500,1293640,665405,1
Bubble Sort,100000,INT,Duplicates,82.065728220,81.817082000,82.478160200,4949091345,2255390394,1
Selection Sort,100000,INT,Duplicates,32.922011820,31.993451400,34.263731900,4999950000,89988,1
Insertion Sort,100000,INT,Duplicates,21.109655480,20.520500900,21.790669300,2244300427,2244200431,1
Merge Sort,100000,INT,Duplicates,0.040589140,0.039998500,0.041390700,1483937,3337856,1
Quick Sort,100000,INT,Duplicates,0.026844280,0.026157400,0.028014200,1879495,727643,1
Heap Sort,100000,INT,Duplicates,0.058882860,0.057864100,0.059903600,2766491,1420374,1
Merge Sort,250000,INT,Duplicates,0.109168360,0.106589000,0.116320800,4016558,8975712,1
Quick Sort,250000,INT,Duplicates,0.071575300,0.069012600,0.078759300,5077513,1988425,1
Heap Sort,250000,INT,Duplicates,0.172360460,0.155770000,0.192905700,7483119,3833865,1
Merge Sort,500000,INT,Duplicates,0.241674880,0.226423900,0.266391500,8508603,18951424,1
Quick Sort,500000,INT,Duplicates,0.149765280,0.145763400,0.154938200,10608393,4222013,1
Heap Sort,500000,INT,Duplicates,0.345725740,0.322678000,0.387268300,15858675,8113706,1
